Intel 80386 Opcode*;;Custom Opcode;;;;HEX;Instruction;;Operand 1;;Operand Type;;Operand 2;;Operand Type;;Notes;;;;;;;;
;;0000;0000;0000;0000;0000;MACHINE ZERO;;;;;;;;;;;;;;;;;;
;;;;;;;;;;;;;;;;;;;;;;;;;
0000;0000;0000;0001;0000;0000;0100;ADD;;register;;byte;;general register;;;;;;;;;;;;
;;0000;0001;0000;0001;0101;ADD;;displacement;;byte;;general register;;;;address is in displacement;;;;;;;;
;;0000;0001;0000;0010;0102;ADD;;base reg;;byte;;general register;;;;address is in base register (general);;;;;;;;
;;0000;0001;0000;0011;0103;ADD;;base + displacement;;byte;;general register;;;;"offset is in displacement, base holds ""offset of offset""";;;;;;;;
;;0000;0001;0000;0100;0104;ADD;;(Index*Scale)+Disp;;byte;;general register;;;;offset is in displacement, Index register, scale of {1,2,4,8};;;;;;;;
;;;;;;;;;;;;;;;;;;;;;;;;;
0000;0001;0000;0001;0001;0000;0110;ADD;;register;;word;;general register;;;;;;;;;;;;
;;0000;0001;0001;0001;0111;ADD;;displacement;;word;;general register;;;;address is in displacement;;;;;;;;
;;0000;0001;0001;0010;0112;ADD;;base reg;;word;;general register;;;;address is in base register (general);;;;;;;;
;;0000;0001;0001;0011;0113;ADD;;base + displacement;;word;;general register;;;;"offset is in displacement, base holds ""offset of offset""";;;;;;;;
;;0000;0001;0001;0100;0114;ADD;;(Index*Scale)+Disp;;word;;general register;;;;offset is in displacement, Index register, scale of {1,2,4,8};;;;;;;;
;;0000;0001;0001;1000;0118;ADD;;register;;double word;;general register;;;;;;;;;;;;
;;0000;0001;0001;1001;0119;ADD;;displacement;;double word;;general register;;;;address is in displacement;;;;;;;;
;;0000;0001;0001;1010;011A;ADD;;base reg;;double word;;general register;;;;address is in base register (general);;;;;;;;
;;0000;0001;0001;1011;011B;ADD;;base + displacement;;double word;;general register;;;;"offset is in displacement, base holds ""offset of offset""";;;;;;;;
;;0000;0001;0001;1100;011C;ADD;;(Index*Scale)+Disp;;double word;;general register;;;;offset is in displacement, Index register, scale of {1,2,4,8};;;;;;;;
;;;;;;;;;;;;;;;;;;;;;;;;;
0000;0010;0000;0001;0010;0000;0120;ADD;;general register;;;;register;;byte;;;;;;;;;;
;;0000;0001;0010;0001;0121;ADD;;general register;;;;displacement;;byte;;address is in displacement;;;;;;;;
;;0000;0001;0010;0010;0122;ADD;;general register;;;;base reg;;byte;;address is in base register (general);;;;;;;;
;;0000;0001;0010;0011;0123;ADD;;general register;;;;base + displacement;;byte;;"offset is in displacement, base holds ""offset of offset""";;;;;;;;
;;0000;0001;0010;0100;0124;ADD;;general register;;;;(Index*Scale)+Disp;;byte;;offset is in displacement, Index register, scale of {1,2,4,8};;;;;;;;
;;;;;;;;;;;;;;;;;;;;;;;;;
0000;0011;0000;0001;0011;0000;0130;ADD;;general register;;;;register;;word;;;;;;;;;;
;;0000;0001;0011;0001;0131;ADD;;general register;;;;displacement;;word;;address is in displacement;;;;;;;;
;;0000;0001;0011;0010;0132;ADD;;general register;;;;base reg;;word;;address is in base register (general);;;;;;;;
;;0000;0001;0011;0011;0133;ADD;;general register;;;;base + displacement;;word;;"offset is in displacement, base holds ""offset of offset""";;;;;;;;
;;0000;0001;0011;0100;0134;ADD;;general register;;;;(Index*Scale)+Disp;;word;;offset is in displacement, Index register, scale of {1,2,4,8};;;;;;;;
;;0000;0001;0011;1000;0138;ADD;;general register;;;;register;;double word;;;;;;;;;;
;;0000;0001;0011;1001;0139;ADD;;general register;;;;displacement;;double word;;address is in displacement;;;;;;;;
;;0000;0001;0011;1010;013A;ADD;;general register;;;;base reg;;double word;;address is in base register (general);;;;;;;;
;;0000;0001;0011;1011;013B;ADD;;general register;;;;base + displacement;;double word;;"offset is in displacement, base holds ""offset of offset""";;;;;;;;
;;0000;0001;0011;1100;013C;ADD;;general register;;;;(Index*Scale)+Disp;;double word;;offset is in displacement, Index register, scale of {1,2,4,8};;;;;;;;
;;;;;;;;;;;;;;;;;;;;;;;;;
0000;0100;0000;0001;0100;0000;0140;ADD;;AL;;byte;;immediate;;byte;;ADD immediate to AL;;;;;;;;
;;;;;;;;;;;;;;;;;;;;;;;;;
0000;0101;0000;0001;0101;0000;0150;ADD;;AX;;word;;immediate;;word;;;;;;;;;;
;;0000;0001;0101;0001;0151;ADD;;EAX;;double-word;;immediate;;double word;;;;;;;;;;
;;;;;;;;;;;;;;;;;;;;;;;;;
80 + Grp1 : 000;;0000;0001;0110;0000;0160;ADD;;register;;byte;;immediate;;byte;;ADD immediate byte;;;;;;;;
;;0000;0001;0110;0001;0161;ADD;;displacement;;byte;;immediate;;byte;;;;;;;;;;
;;0000;0001;0110;0010;0162;ADD;;base reg;;byte;;immediate;;byte;;;;;;;;;;
;;0000;0001;0110;0011;0163;ADD;;base + displacement;;byte;;immediate;;byte;;;;;;;;;;
;;0000;0001;0110;0100;0164;ADD;;(Index*Scale)+Disp;;byte;;immediate;;byte;;;;;;;;;;
;;;;;;;;;;;;;;;;;;;;;;;;;
81 + Grp1 : 000;;0000;0001;0111;0000;0170;ADD;;register;;word;;immediate;;word;;ADD immediate word or dword ;;;;;;;;
;;0000;0001;0111;0001;0171;ADD;;displacement;;word;;immediate;;word;;;;;;;;;;
;;0000;0001;0111;0010;0172;ADD;;base reg;;word;;immediate;;word;;;;;;;;;;
;;0000;0001;0111;0011;0173;ADD;;base + displacement;;word;;immediate;;word;;;;;;;;;;
;;0000;0001;0111;0100;0174;ADD;;(Index*Scale)+Disp;;word;;immediate;;word;;;;;;;;;;
;;0000;0001;0111;1000;0178;ADD;;register;;double word;;immediate;;double word;;;;;;;;;;
;;0000;0001;0111;1001;0179;ADD;;displacement;;double word;;immediate;;double word;;;;;;;;;;
;;0000;0001;0111;1010;017A;ADD;;base reg;;double word;;immediate;;double word;;;;;;;;;;
;;0000;0001;0111;1011;017B;ADD;;base + displacement;;double word;;immediate;;double word;;;;;;;;;;
;;0000;0001;0111;1100;017C;ADD;;(Index*Scale)+Disp;;double word;;immediate;;double word;;;;;;;;;;
;;;;;;;;;;;;;;;;;;;;;;;;;
83 + Grp1 : 000;;0000;0001;1000;0000;0180;ADD;;register;;word;;immediate;;byte;;ADD sign-extended immediate byte;;;;;;;;
;;0000;0001;1000;0001;0181;ADD;;displacement;;word;;immediate;;byte;;;;;;;;;;
;;0000;0001;1000;0010;0182;ADD;;base reg;;word;;immediate;;byte;;;;;;;;;;
;;0000;0001;1000;0011;0183;ADD;;base + displacement;;word;;immediate;;byte;;;;;;;;;;
;;0000;0001;1000;0100;0184;ADD;;(Index*Scale)+Disp;;word;;immediate;;byte;;;;;;;;;;
;;0000;0001;1000;1000;0188;ADD;;register;;double word;;immediate;;byte;;;;;;;;;;
;;0000;0001;1000;1001;0189;ADD;;displacement;;double word;;immediate;;byte;;;;;;;;;;
;;0000;0001;1000;1010;018A;ADD;;base reg;;double word;;immediate;;byte;;;;;;;;;;
;;0000;0001;1000;1011;018B;ADD;;base + displacement;;double word;;immediate;;byte;;;;;;;;;;
;;0000;0001;1000;1100;018C;ADD;;(Index*Scale)+Disp;;double word;;immediate;;byte;;;;;;;;;;
;;;;;;;;;;;;;;;;;;;;;;;;;
0000;0110;0000;0010;0000;0000;0200;PUSH;;ES;;;;N/A;;N/A;;;;;;;;;;
0001;0110;0000;0010;0001;0000;0210;PUSH;;SS;;;;N/A;;N/A;;;;;;;;;;
0000;1110;0000;0010;0010;0000;0220;PUSH;;CS;;;;N/A;;N/A;;;;;;;;;;
0001;1110;0000;0010;0011;0000;0230;PUSH;;DS;;;;N/A;;N/A;;;;;;;;;;
HEX : 0FA0;;0000;0010;0100;0000;0240;PUSH;;FS;;;;N/A;;N/A;;;;;;;;;;
HEX : 0FA8;;0000;0010;0101;0000;0250;PUSH;;GS;;;;N/A;;N/A;;;;;;;;;;
;;;;;;;;;;;;;;;;;;;;;;;;;
0101;0000;0000;0010;0110;0000;0260;PUSH;;EAX;;;;N/A;;N/A;;;;;;;;;;
;;0000;0010;0110;0001;0261;PUSH;;AX;;;;N/A;;N/A;;;;;;;;;;
0101;0001;0000;0010;0110;0010;0262;PUSH;;ECX;;;;N/A;;N/A;;;;;;;;;;
;;0000;0010;0110;0011;0263;PUSH;;CX;;;;N/A;;N/A;;;;;;;;;;
0101;0010;0000;0010;0110;0100;0264;PUSH;;EDX;;;;N/A;;N/A;;;;;;;;;;
;;0000;0010;0110;0101;0265;PUSH;;DX;;;;N/A;;N/A;;;;;;;;;;
0101;0011;0000;0010;0110;0110;0266;PUSH;;EBX;;;;N/A;;N/A;;;;;;;;;;
;;0000;0010;0110;0111;0267;PUSH;;BX;;;;N/A;;N/A;;;;;;;;;;
0101;0100;0000;0010;0110;1000;0268;PUSH;;ESP;;;;N/A;;N/A;;;;;;;;;;
;;0000;0010;0110;1001;0269;PUSH;;SP;;;;N/A;;N/A;;;;;;;;;;
0101;0101;0000;0010;0110;1010;026A;PUSH;;EBP;;;;N/A;;N/A;;;;;;;;;;
;;0000;0010;0110;1011;026B;PUSH;;BP;;;;N/A;;N/A;;;;;;;;;;
0101;0110;0000;0010;0110;1100;026C;PUSH;;ESI;;;;N/A;;N/A;;;;;;;;;;
;;0000;0010;0110;1101;026D;PUSH;;SI;;;;N/A;;N/A;;;;;;;;;;
0101;0111;0000;0010;0110;1110;026E;PUSH;;EDI;;;;N/A;;N/A;;;;;;;;;;
;;0000;0010;0110;1111;026F;PUSH;;DI;;;;N/A;;N/A;;;;;;;;;;
;;;;;;;;;;;;;;;;;;;;;;;;;
0110;1001;0000;0010;0111;0000;0270;PUSH;;Immediate;;byte;;N/A;;N/A;;;;;;;;;;
0110;1000;0000;0010;0111;0001;0271;PUSH;;Immediate;;word;;N/A;;N/A;;;;;;;;;;
;;0000;0010;0111;0010;0272;PUSH;;Immediate;;double word;;N/A;;N/A;;;;;;;;;;
;;;;;;;;;;;;;;;;;;;;;;;;;
0110;0000;0000;0010;1000;0000;0280;PUSHA;;N/A;;N/A;;N/A;;N/A;;Push all general registers to stack;;;;;;;;
;;;;;;;;;;;;;;;;;;;;;;;;;
1001;1100;0000;0010;1001;0000;0290;PUSHF;;;;;;N/A;;N/A;;Push flag register to stack;;;;;;;;
;;;;;;;;;;;;;;;;;;;;;;;;;
0000;0111;0000;0011;0000;0000;0300;POP;;ES;;;;N/A;;N/A;;;;;;;;;;
0001;0111;0000;0011;0001;0000;0310;POP;;SS;;;;N/A;;N/A;;;;;;;;;;
****;;;;;;;;;;;;;;;;;There is no POP CS instruction on 80386;;;;;;;;
0001;1111;0000;0011;0010;0000;0320;POP;;DS;;;;N/A;;N/A;;;;;;;;;;
HEX :  0FA1;;0000;0011;0011;0000;0330;POP;;FS;;;;N/A;;N/A;;;;;;;;;;
HEX : 0FA9;;0000;0011;0100;0000;0340;POP;;GS;;;;N/A;;N/A;;;;;;;;;;
;;;;;;;;;;;;;;;;;;;;;;;;;
0101;1000;0000;0011;0101;0000;0350;POP;;EAX;;;;N/A;;N/A;;Pop into general register;;;;;;;;
;;0000;0011;0101;0001;0351;POP;;AX;;;;N/A;;N/A;;;;;;;;;;
0101;1001;0000;0011;0101;0010;0352;POP;;ECX;;;;N/A;;N/A;;;;;;;;;;
;;0000;0011;0101;0011;0353;POP;;CX;;;;N/A;;N/A;;;;;;;;;;
0101;1010;0000;0011;0101;0100;0354;POP;;EDX;;;;N/A;;N/A;;;;;;;;;;
;;0000;0011;0101;0101;0355;POP;;DX;;;;N/A;;N/A;;;;;;;;;;
0101;1011;0000;0011;0101;0110;0356;POP;;EBX;;;;N/A;;N/A;;;;;;;;;;
;;0000;0011;0101;0111;0357;POP;;BX;;;;N/A;;N/A;;;;;;;;;;
0101;1100;0000;0011;0101;1000;0358;POP;;ESP;;;;N/A;;N/A;;;;;;;;;;
;;0000;0011;0101;1001;0359;POP;;SP;;;;N/A;;N/A;;;;;;;;;;
0101;1101;0000;0011;0101;1010;035A;POP;;EBP;;;;N/A;;N/A;;;;;;;;;;
;;0000;0011;0101;1011;035B;POP;;BP;;;;N/A;;N/A;;;;;;;;;;
0101;1110;0000;0011;0101;1100;035C;POP;;ESI;;;;N/A;;N/A;;;;;;;;;;
;;0000;0011;0101;1101;035D;POP;;SI;;;;N/A;;N/A;;;;;;;;;;
0101;1111;0000;0011;0101;1110;035E;POP;;EDI;;;;N/A;;N/A;;;;;;;;;;
;;0000;0011;0101;1111;035F;POP;;DI;;;;N/A;;N/A;;;;;;;;;;
;;;;;;;;;;;;;;;;;;;;;;;;;
0110;0001;0000;0011;0110;0000;0360;POPA;;N/A;;N/A;;N/A;;N/A;;POP all general registers to stack;;;;;;;;
;;;;;;;;;;;;;;;;;;;;;;;;;
1000;1111;0000;0011;0111;0000;0370;POP;;address;;word;;N/A;;N/A;;POP into memory;;;;;;;;
;;0000;0011;0111;0001;0371;POP;;address;;double word;;N/A;;N/A;;;;;;;;;;
;;;;;;;;;;;;;;;;;;;;;;;;;
1001;1101;0000;0011;1000;0000;0380;POPF;;;;;;N/A;;N/A;;POP flag register;;;;;;;;
;;;;;;;;;;;;;;;;;;;;;;;;;
1000;1000;0000;0100;0000;0000;0400;MOV;;register;;byte;;general register;;;;;;;;;;;;
;;0000;0100;0000;0001;0401;MOV;;displacement;;byte;;general register;;;;address is in displacement;;;;;;;;
;;0000;0100;0000;0010;0402;MOV;;base reg;;byte;;general register;;;;address is in base register (general);;;;;;;;
;;0000;0100;0000;0011;0403;MOV;;base + displacement;;byte;;general register;;;;"offset is in displacement, base holds ""offset of offset""";;;;;;;;
;;0000;0100;0000;0100;0404;MOV;;(Index*Scale)+Disp;;byte;;general register;;;;offset is in displacement, Index register, scale of {1,2,4,8};;;;;;;;
;;;;;;;;;;;;;;;;;;;;;;;;;
1000;1001;0000;0100;0001;0000;0410;MOV;;register;;word;;general register;;;;;;;;;;;;
;;0000;0100;0001;0001;0411;MOV;;displacement;;word;;general register;;;;address is in displacement;;;;;;;;
;;0000;0100;0001;0010;0412;MOV;;base reg;;word;;general register;;;;address is in base register (general);;;;;;;;
;;0000;0100;0001;0011;0413;MOV;;base + displacement;;word;;general register;;;;"offset is in displacement, base holds ""offset of offset""";;;;;;;;
;;0000;0100;0001;0100;0414;MOV;;(Index*Scale)+Disp;;word;;general register;;;;offset is in displacement, Index register, scale of {1,2,4,8};;;;;;;;
;;0000;0100;0001;1000;0418;MOV;;register;;double word;;general register;;;;;;;;;;;;
;;0000;0100;0001;1001;0419;MOV;;displacement;;double word;;general register;;;;address is in displacement;;;;;;;;
;;0000;0100;0001;1010;041A;MOV;;base reg;;double word;;general register;;;;address is in base register (general);;;;;;;;
;;0000;0100;0001;1011;041B;MOV;;base + displacement;;double word;;general register;;;;"offset is in displacement, base holds ""offset of offset""";;;;;;;;
;;0000;0100;0001;1100;041C;MOV;;(Index*Scale)+Disp;;double word;;general register;;;;offset is in displacement, Index register, scale of {1,2,4,8};;;;;;;;
;;;;;;;;;;;;;;;;;;;;;;;;;
1000;1010;0000;0100;0010;0000;0420;MOV;;general register;;;;register;;byte;;;;;;;;;;
;;0000;0100;0010;0001;0421;MOV;;general register;;;;displacement;;byte;;address is in displacement;;;;;;;;
;;0000;0100;0010;0010;0422;MOV;;general register;;;;base reg;;byte;;address is in base register (general);;;;;;;;
;;0000;0100;0010;0011;0423;MOV;;general register;;;;base + displacement;;byte;;"offset is in displacement, base holds ""offset of offset""";;;;;;;;
;;0000;0100;0010;0100;0424;MOV;;general register;;;;(Index*Scale)+Disp;;byte;;offset is in displacement, Index register, scale of {1,2,4,8};;;;;;;;
;;;;;;;;;;;;;;;;;;;;;;;;;
1000;1011;0000;0100;0011;0000;0430;MOV;;general register;;;;register;;word;;;;;;;;;;
;;0000;0100;0011;0001;0431;MOV;;general register;;;;displacement;;word;;address is in displacement;;;;;;;;
;;0000;0100;0011;0010;0432;MOV;;general register;;;;base reg;;word;;address is in base register (general);;;;;;;;
;;0000;0100;0011;0011;0433;MOV;;general register;;;;base + displacement;;word;;"offset is in displacement, base holds ""offset of offset""";;;;;;;;
;;0000;0100;0011;0100;0434;MOV;;general register;;;;(Index*Scale)+Disp;;word;;offset is in displacement, Index register, scale of {1,2,4,8};;;;;;;;
;;0000;0100;0011;1000;0438;MOV;;general register;;;;register;;double word;;;;;;;;;;
;;0000;0100;0011;1001;0439;MOV;;general register;;;;displacement;;double word;;address is in displacement;;;;;;;;
;;0000;0100;0011;1010;043A;MOV;;general register;;;;base reg;;double word;;address is in base register (general);;;;;;;;
;;0000;0100;0011;1011;043B;MOV;;general register;;;;base + displacement;;double word;;"offset is in displacement, base holds ""offset of offset""";;;;;;;;
;;0000;0100;0011;1100;043C;MOV;;general register;;;;(Index*Scale)+Disp;;double word;;offset is in displacement, Index register, scale of {1,2,4,8};;;;;;;;
;;;;;;;;;;;;;;;;;;;;;;;;;
1000;1100;0000;0100;0100;0000;0440;MOV;;register;;word;;segment reg;;;;;;;;;;;;
;;0000;0100;0100;0001;0441;MOV;;displacement;;word;;segment reg;;;;address is in displacement;;;;;;;;
;;0000;0100;0100;0010;0442;MOV;;base reg;;word;;segment reg;;;;address is in base register (general);;;;;;;;
;;0000;0100;0100;0011;0443;MOV;;base + displacement;;word;;segment reg;;;;"offset is in displacement, base holds ""offset of offset""";;;;;;;;
;;0000;0100;0100;0100;0444;MOV;;(Index*Scale)+Disp;;word;;segment reg;;;;offset is in displacement, Index register, scale of {1,2,4,8};;;;;;;;
;;;;;;;;;;;;;;;;;;;;;;;;;
1000;1110;0000;0100;0101;0000;0450;MOV;;segment reg;;;;register;;word;;;;;;;;;;
;;0000;0100;0101;0001;0451;MOV;;segment reg;;;;displacement;;word;;address is in displacement;;;;;;;;
;;0000;0100;0101;0010;0452;MOV;;segment reg;;;;base reg;;word;;address is in base register (general);;;;;;;;
;;0000;0100;0101;0011;0453;MOV;;segment reg;;;;base + displacement;;word;;"offset is in displacement, base holds ""offset of offset""";;;;;;;;
;;0000;0100;0101;0100;0454;MOV;;segment reg;;;;(Index*Scale)+Disp;;word;;offset is in displacement, Index register, scale of {1,2,4,8};;;;;;;;
;;;;;;;;;;;;;;;;;;;;;;;;;
****;;;;;;;;;;;;;;;;;Skipped MOV seg:offset for now;;;;;;;;
****;;;;;;;;;;;;;;;;;Skipped MOVSB, MOVSW;;;;;;;;
;;;;;;;;;;;;;;;;;;;;;;;;;
1011;0000;0000;0100;0110;0000;0460;MOV;;AL;;;;Immediate;;byte;;Move Immediate byte into byte reg;;;;;;;;
1011;0001;0000;0100;0110;0001;0461;MOV;;CL;;;;Immediate;;byte;;;;;;;;;;
1011;0010;0000;0100;0110;0010;0462;MOV;;DL;;;;Immediate;;byte;;;;;;;;;;
1011;0011;0000;0100;0110;0011;0463;MOV;;BL;;;;Immediate;;byte;;;;;;;;;;
1011;0100;0000;0100;0110;0100;0464;MOV;;AH;;;;Immediate;;byte;;;;;;;;;;
1011;0101;0000;0100;0110;0101;0465;MOV;;CH;;;;Immediate;;byte;;;;;;;;;;
1011;0110;0000;0100;0110;0110;0466;MOV;;DH;;;;Immediate;;byte;;;;;;;;;;
1011;0111;0000;0100;0110;0111;0467;MOV;;BH;;;;Immediate;;byte;;;;;;;;;;
;;;;;;;;;;;;;;;;;;;;;;;;;
1011;1000;0000;0100;0111;0000;0470;MOV;;EAX;;;;Immediate;;double word;;MOV Immediate word / double-w into reg;;;;;;;;
;;0000;0100;0111;0001;0471;MOV;;AX;;;;Immediate;;word;;;;;;;;;;
1011;1001;0000;0100;0111;0010;0472;MOV;;ECX;;;;Immediate;;double word;;;;;;;;;;
;;0000;0100;0111;0011;0473;MOV;;CX;;;;Immediate;;word;;;;;;;;;;
1011;1010;0000;0100;0111;0100;0474;MOV;;EDX;;;;Immediate;;double word;;;;;;;;;;
;;0000;0100;0111;0101;0475;MOV;;DX;;;;Immediate;;word;;;;;;;;;;
1011;1011;0000;0100;0111;0110;0476;MOV;;EBX;;;;Immediate;;double word;;;;;;;;;;
;;0000;0100;0111;0111;0477;MOV;;BX;;;;Immediate;;word;;;;;;;;;;
1011;1100;0000;0100;0111;1000;0478;MOV;;ESP;;;;Immediate;;double word;;;;;;;;;;
;;0000;0100;0111;1001;0479;MOV;;SP;;;;Immediate;;word;;;;;;;;;;
1011;1101;0000;0100;0111;1010;047A;MOV;;EBP;;;;Immediate;;double word;;;;;;;;;;
;;0000;0100;0111;1011;047B;MOV;;BP;;;;Immediate;;word;;;;;;;;;;
1011;1110;0000;0100;0111;1100;047C;MOV;;ESI;;;;Immediate;;double word;;;;;;;;;;
;;0000;0100;0111;1101;047D;MOV;;SI;;;;Immediate;;word;;;;;;;;;;
1011;1111;0000;0100;0111;1110;047E;MOV;;EDI;;;;Immediate;;double word;;;;;;;;;;
;;0000;0100;0111;1111;047F;MOV;;DI;;;;Immediate;;word;;;;;;;;;;
;;;;;;;;;;;;;;;;;;;;;;;;;
1100;0110;0000;0100;1000;0000;0480;MOV;;register;;byte;;Immediate;;byte;;MOV Immediate to Address;;;;;;;;
;;0000;0100;1000;0001;0481;MOV;;displacement;;byte;;Immediate;;byte;;address is in displacement;;;;;;;;
;;0000;0100;1000;0010;0482;MOV;;base reg;;byte;;Immediate;;byte;;address is in base register (general);;;;;;;;
;;0000;0100;1000;0011;0483;MOV;;base + displacement;;byte;;Immediate;;byte;;"offset is in displacement, base holds ""offset of offset""";;;;;;;;
;;0000;0100;1000;0100;0484;MOV;;(Index*Scale)+Disp;;byte;;Immediate;;byte;;offset is in displacement, Index register, scale of {1,2,4,8};;;;;;;;
;;;;;;;;;;;;;;;;;;;;;;;;;
****;;;;;;;;;;;;;;;;;MOV for control, debug, test regs not implemented yet;;;;;;;;
;;;;;;;;;;;;;;;;;;;;;;;;;
1000;1101;0000;0101;0000;0000;0500;LEA;;general register;;word;;displacement;;word;;Load Effective address : Can only have an address in the second operand;;;;;;;;
;;0000;0101;0000;0001;0501;LEA;;general register;;;;base reg;;word;;;;;;;;;;
;;0000;0101;0000;0010;0502;LEA;;general register;;;;base + displacement;;word;;;;;;;;;;
;;0000;0101;0000;0011;0503;LEA;;general register;;;;(Index*Scale)+Disp;;word;;;;;;;;;;
1000;1101;0000;0101;0000;1000;0508;LEA;;general register;;double word;;displacement;;double word;;;;;;;;;;
;;0000;0101;0000;1001;0509;LEA;;general register;;;;base reg;;double word;;;;;;;;;;
;;0000;0101;0000;1010;050A;LEA;;general register;;;;base + displacement;;double word;;;;;;;;;;
;;0000;0101;0000;1011;050B;LEA;;general register;;;;(Index*Scale)+Disp;;double word;;;;;;;;;;
;;;;;;;;;;;;;;;;;;;;;;;;;
0010;1000;0000;0110;0000;0000;0600;SUB;;register;;byte;;general register;;;;;;;;;;;;
;;0000;0110;0000;0001;0601;SUB;;displacement;;byte;;general register;;;;address is in displacement;;;;;;;;
;;0000;0110;0000;0010;0602;SUB;;base reg;;byte;;general register;;;;address is in base register (general);;;;;;;;
;;0000;0110;0000;0011;0603;SUB;;base + displacement;;byte;;general register;;;;"offset is in displacement, base holds ""offset of offset""";;;;;;;;
;;0000;0110;0000;0100;0604;SUB;;(Index*Scale)+Disp;;byte;;general register;;;;offset is in displacement, Index register, scale of {1,2,4,8};;;;;;;;
;;;;;;;;;;;;;;;;;;;;;;;;;
0010;1001;0000;0110;0001;0000;0610;SUB;;register;;word;;general register;;;;;;;;;;;;
;;0000;0110;0001;0001;0611;SUB;;displacement;;word;;general register;;;;address is in displacement;;;;;;;;
;;0000;0110;0001;0010;0612;SUB;;base reg;;word;;general register;;;;address is in base register (general);;;;;;;;
;;0000;0110;0001;0011;0613;SUB;;base + displacement;;word;;general register;;;;"offset is in displacement, base holds ""offset of offset""";;;;;;;;
;;0000;0110;0001;0100;0614;SUB;;(Index*Scale)+Disp;;word;;general register;;;;offset is in displacement, Index register, scale of {1,2,4,8};;;;;;;;
;;0000;0110;0001;1000;0618;SUB;;register;;double word;;general register;;;;;;;;;;;;
;;0000;0110;0001;1001;0619;SUB;;displacement;;double word;;general register;;;;address is in displacement;;;;;;;;
;;0000;0110;0001;1010;061A;SUB;;base reg;;double word;;general register;;;;address is in base register (general);;;;;;;;
;;0000;0110;0001;1011;061B;SUB;;base + displacement;;double word;;general register;;;;"offset is in displacement, base holds ""offset of offset""";;;;;;;;
;;0000;0110;0001;1100;061C;SUB;;(Index*Scale)+Disp;;double word;;general register;;;;offset is in displacement, Index register, scale of {1,2,4,8};;;;;;;;
;;;;;;;;;;;;;;;;;;;;;;;;;
0010;1010;0000;0110;0010;0000;0620;SUB;;general register;;;;register;;byte;;;;;;;;;;
;;0000;0110;0010;0001;0621;SUB;;general register;;;;displacement;;byte;;address is in displacement;;;;;;;;
;;0000;0110;0010;0010;0622;SUB;;general register;;;;base reg;;byte;;address is in base register (general);;;;;;;;
;;0000;0110;0010;0011;0623;SUB;;general register;;;;base + displacement;;byte;;"offset is in displacement, base holds ""offset of offset""";;;;;;;;
;;0000;0110;0010;0100;0624;SUB;;general register;;;;(Index*Scale)+Disp;;byte;;offset is in displacement, Index register, scale of {1,2,4,8};;;;;;;;
;;;;;;;;;;;;;;;;;;;;;;;;;
0010;1011;0000;0110;0011;0000;0630;SUB;;general register;;;;register;;word;;;;;;;;;;
;;0000;0110;0011;0001;0631;SUB;;general register;;;;displacement;;word;;address is in displacement;;;;;;;;
;;0000;0110;0011;0010;0632;SUB;;general register;;;;base reg;;word;;address is in base register (general);;;;;;;;
;;0000;0110;0011;0011;0633;SUB;;general register;;;;base + displacement;;word;;"offset is in displacement, base holds ""offset of offset""";;;;;;;;
;;0000;0110;0011;0100;0634;SUB;;general register;;;;(Index*Scale)+Disp;;word;;offset is in displacement, Index register, scale of {1,2,4,8};;;;;;;;
;;0000;0110;0011;1000;0638;SUB;;general register;;;;register;;double word;;;;;;;;;;
;;0000;0110;0011;1001;0639;SUB;;general register;;;;displacement;;double word;;address is in displacement;;;;;;;;
;;0000;0110;0011;1010;063A;SUB;;general register;;;;base reg;;double word;;address is in base register (general);;;;;;;;
;;0000;0110;0011;1011;063B;SUB;;general register;;;;base + displacement;;double word;;"offset is in displacement, base holds ""offset of offset""";;;;;;;;
;;0000;0110;0011;1100;063C;SUB;;general register;;;;(Index*Scale)+Disp;;double word;;offset is in displacement, Index register, scale of {1,2,4,8};;;;;;;;
;;;;;;;;;;;;;;;;;;;;;;;;;
0010;1100;0000;0110;0100;0000;0640;SUB;;AL;;byte;;immediate;;byte;;;;;;;;;;
;;;;;;;;;;;;;;;;;;;;;;;;;
0010;1101;0000;0110;0101;0000;0650;SUB;;AX;;word;;immediate;;word;;;;;;;;;;
;;0000;0110;0101;0001;0651;SUB;;EAX;;double-word;;immediate;;double word;;;;;;;;;;
;;;;;;;;;;;;;;;;;;;;;;;;;
0100;0000;0000;0111;0000;0000;0700;INC;;EAX;;;;N/A;;N/A;;;;;;;;;;
;;0000;0111;0000;0001;0701;INC;;AX;;;;N/A;;N/A;;;;;;;;;;
0100;0001;0000;0111;0000;0010;0702;INC;;ECX;;;;N/A;;N/A;;;;;;;;;;
;;0000;0111;0000;0011;0703;INC;;CX;;;;N/A;;N/A;;;;;;;;;;
0100;0010;0000;0111;0000;0100;0704;INC;;EDX;;;;N/A;;N/A;;;;;;;;;;
;;0000;0111;0000;0101;0705;INC;;DX;;;;N/A;;N/A;;;;;;;;;;
0100;0011;0000;0111;0000;0110;0706;INC;;EBX;;;;N/A;;N/A;;;;;;;;;;
;;0000;0111;0000;0111;0707;INC;;BX;;;;N/A;;N/A;;;;;;;;;;
0100;0100;0000;0111;0000;1000;0708;INC;;ESP;;;;N/A;;N/A;;;;;;;;;;
;;0000;0111;0000;1001;0709;INC;;SP;;;;N/A;;N/A;;;;;;;;;;
0100;0101;0000;0111;0000;1010;070A;INC;;EBP;;;;N/A;;N/A;;;;;;;;;;
;;0000;0111;0000;1011;070B;INC;;BP;;;;N/A;;N/A;;;;;;;;;;
0100;0110;0000;0111;0000;1100;070C;INC;;ESI;;;;N/A;;N/A;;;;;;;;;;
;;0000;0111;0000;1101;070D;INC;;SI;;;;N/A;;N/A;;;;;;;;;;
0100;0111;0000;0111;0000;1110;070E;INC;;EDI;;;;N/A;;N/A;;;;;;;;;;
;;0000;0111;0000;1111;070F;INC;;DI;;;;N/A;;N/A;;;;;;;;;;
;;;;;;;;;;;;;;;;;;;;;;;;;
FE;Grp4;0000;0111;0001;0000;0710;INC;;register;;byte;;;;;;Increment mod r/m byte by 1;;;;;;;;
;;0000;0111;0001;0001;0711;INC;;displacement;;byte;;;;;;;;;;;;;;
;;0000;0111;0001;0010;0712;INC;;base reg;;byte;;;;;;;;;;;;;;
;;0000;0111;0001;0011;0713;INC;;base + displacement;;byte;;;;;;;;;;;;;;
;;0000;0111;0001;0100;0714;INC;;(Index*Scale)+Disp;;byte;;;;;;;;;;;;;;
;;;;;;;;;;;;;;;;;;;;;;;;;
FF;Grp5;0000;0111;0010;0000;0720;INC;;register;;word;;;;;;Increment mod r/m word by 1;;;;;;;;
;;0000;0111;0010;0001;0721;INC;;displacement;;word;;;;;;;;;;;;;;
;;0000;0111;0010;0010;0722;INC;;base reg;;word;;;;;;;;;;;;;;
;;0000;0111;0010;0011;0723;INC;;base + displacement;;word;;;;;;;;;;;;;;
;;0000;0111;0010;0100;0724;INC;;(Index*Scale)+Disp;;word;;;;;;;;;;;;;;
;;0000;0111;0010;1000;0728;INC;;register;;double word;;;;;;Increment mod r/m double word by 1;;;;;;;;
;;0000;0111;0010;1001;0729;INC;;displacement;;double word;;;;;;;;;;;;;;
;;0000;0111;0010;1010;072A;INC;;base reg;;double word;;;;;;;;;;;;;;
;;0000;0111;0010;1011;072B;INC;;base + displacement;;double word;;;;;;;;;;;;;;
;;0000;0111;0010;1100;072C;INC;;(Index*Scale)+Disp;;double word;;;;;;;;;;;;;;
;;;;;;;;;;;;;;;;;;;;;;;;;
0100;1000;0000;1000;0000;0000;0800;DEC;;EAX;;;;N/A;;N/A;;Decrement general reg by 1;;;;;;;;
;;0000;1000;0000;0001;0801;DEC;;AX;;;;N/A;;N/A;;;;;;;;;;
0100;1001;0000;1000;0000;0010;0802;DEC;;ECX;;;;N/A;;N/A;;;;;;;;;;
;;0000;1000;0000;0011;0803;DEC;;CX;;;;N/A;;N/A;;;;;;;;;;
0100;1010;0000;1000;0000;0100;0804;DEC;;EDX;;;;N/A;;N/A;;;;;;;;;;
;;0000;1000;0000;0101;0805;DEC;;DX;;;;N/A;;N/A;;;;;;;;;;
0100;1011;0000;1000;0000;0110;0806;DEC;;EBX;;;;N/A;;N/A;;;;;;;;;;
;;0000;1000;0000;0111;0807;DEC;;BX;;;;N/A;;N/A;;;;;;;;;;
0100;1100;0000;1000;0000;1000;0808;DEC;;ESP;;;;N/A;;N/A;;;;;;;;;;
;;0000;1000;0000;1001;0809;DEC;;SP;;;;N/A;;N/A;;;;;;;;;;
0100;1101;0000;1000;0000;1010;080A;DEC;;EBP;;;;N/A;;N/A;;;;;;;;;;
;;0000;1000;0000;1011;080B;DEC;;BP;;;;N/A;;N/A;;;;;;;;;;
0100;1110;0000;1000;0000;1100;080C;DEC;;ESI;;;;N/A;;N/A;;;;;;;;;;
;;0000;1000;0000;1101;080D;DEC;;SI;;;;N/A;;N/A;;;;;;;;;;
0100;1111;0000;1000;0000;1110;080E;DEC;;EDI;;;;N/A;;N/A;;;;;;;;;;
;;0000;1000;0000;1111;080F;DEC;;DI;;;;N/A;;N/A;;;;;;;;;;
;;;;;;;;;;;;;;;;;;;;;;;;;
FE;Grp4;0000;1000;0001;0000;0810;DEC;;register;;byte;;;;;;Decrement mod r/m byte by 1;;;;;;;;
;;0000;1000;0001;0001;0811;DEC;;displacement;;byte;;;;;;;;;;;;;;
;;0000;1000;0001;0010;0812;DEC;;base reg;;byte;;;;;;;;;;;;;;
;;0000;1000;0001;0011;0813;DEC;;base + displacement;;byte;;;;;;;;;;;;;;
;;0000;1000;0001;0100;0814;DEC;;(Index*Scale)+Disp;;byte;;;;;;;;;;;;;;
;;;;;;;;;;;;;;;;;;;;;;;;;
FF;Grp5;0000;1000;0010;0000;0820;DEC;;register;;word;;;;;;Decrement mod r/m word by 1;;;;;;;;
;;0000;1000;0010;0001;0821;DEC;;displacement;;word;;;;;;;;;;;;;;
;;0000;1000;0010;0010;0822;DEC;;base reg;;word;;;;;;;;;;;;;;
;;0000;1000;0010;0011;0823;DEC;;base + displacement;;word;;;;;;;;;;;;;;
;;0000;1000;0010;0100;0824;DEC;;(Index*Scale)+Disp;;word;;;;;;;;;;;;;;
;;0000;1000;0010;1000;0828;DEC;;register;;double word;;;;;;Decrement mod r/m double word by 1;;;;;;;;
;;0000;1000;0010;1001;0829;DEC;;displacement;;double word;;;;;;;;;;;;;;
;;0000;1000;0010;1010;082A;DEC;;base reg;;double word;;;;;;;;;;;;;;
;;0000;1000;0010;1011;082B;DEC;;base + displacement;;double word;;;;;;;;;;;;;;
;;0000;1000;0010;1100;082C;DEC;;(Index*Scale)+Disp;;double word;;;;;;;;;;;;;;
;;;;;;;;;;;;;;;;;;;;;;;;;
****;;;;;;;;;;;;;;;;;OPERAND 3;;Operand Type;;;;;;
0110;1001;0000;1001;0000;0000;0900;IMUL;;general register;;word;;register;;word;;Immediate;;word;;word reg <- word reg*immediate word;;;;
;;0000;1001;0000;0001;0901;IMUL;;general register;;;;displacement;;word;;Immediate;;word;;;;;;
;;0000;1001;0000;0010;0902;IMUL;;general register;;;;base reg;;word;;Immediate;;word;;;;;;
;;0000;1001;0000;0011;0903;IMUL;;general register;;;;base + displacement;;word;;Immediate;;word;;;;;;
;;0000;1001;0000;0100;0904;IMUL;;general register;;;;(Index*Scale)+Disp;;word;;Immediate;;word;;;;;;
;;0000;1001;0000;1000;0908;IMUL;;general register;;double word;;register;;double word;;Immediate;;double word;;;;;;
;;0000;1001;0000;1001;0909;IMUL;;general register;;;;displacement;;double word;;Immediate;;double word;;;;;;
;;0000;1001;0000;1010;090A;IMUL;;general register;;;;base reg;;double word;;Immediate;;double word;;;;;;
;;0000;1001;0000;1011;090B;IMUL;;general register;;;;base + displacement;;double word;;Immediate;;double word;;;;;;
;;0000;1001;0000;1100;090C;IMUL;;general register;;;;(Index*Scale)+Disp;;double word;;Immediate;;double word;;;;;;
;;;;;;;;;;;;;;;;;;;;;;;;;
0110;1011;0000;1001;0001;0000;0910;IMUL;;general register;;byte;;register;;byte;;Immediate;;byte;;;;;;
;;0000;1001;0001;0001;0911;IMUL;;general register;;;;displacement;;byte;;Immediate;;byte;;;;;;
;;0000;1001;0001;0010;0912;IMUL;;general register;;;;base reg;;byte;;Immediate;;byte;;;;;;
;;0000;1001;0001;0011;0913;IMUL;;general register;;;;base + displacement;;byte;;Immediate;;byte;;;;;;
;;0000;1001;0001;0100;0914;IMUL;;general register;;;;(Index*Scale)+Disp;;byte;;Immediate;;byte;;;;;;
;;;;;;;;;;;;;;;;;;;;;;;;;
HEX: 0FAF;;0000;1001;0010;0000;0920;IMUL;;general register;;word;;register;;word;;general reg = general reg * r/m word/ dw;;;;;;;;
;;0000;1001;0010;0001;0921;IMUL;;general register;;;;displacement;;word;;;;;;;;;;
;;0000;1001;0010;0010;0922;IMUL;;general register;;;;base reg;;word;;;;;;;;;;
;;0000;1001;0010;0011;0923;IMUL;;general register;;;;base + displacement;;word;;;;;;;;;;
;;0000;1001;0010;0100;0924;IMUL;;general register;;;;(Index*Scale)+Disp;;word;;;;;;;;;;
;;0000;1001;0010;1000;0928;IMUL;;general register;;double word;;register;;double word;;;;;;;;;;
;;0000;1001;0010;1001;0929;IMUL;;general register;;;;displacement;;double word;;;;;;;;;;
;;0000;1001;0010;1010;092A;IMUL;;general register;;;;base reg;;double word;;;;;;;;;;
;;0000;1001;0010;1011;092B;IMUL;;general register;;;;base + displacement;;double word;;;;;;;;;;
;;0000;1001;0010;1100;092C;IMUL;;general register;;;;(Index*Scale)+Disp;;double word;;;;;;;;;;
;;;;;;;;;;;;;;;;;;;;;;;;;
F6 + Grp3: 101;;0000;1001;0011;0000;0930;IMUL;;register;;byte;;;;;;AX = AL * r/m operand;;;;;;;;
;;0000;1001;0011;0001;0931;IMUL;;displacement;;byte;;;;;;;;;;;;;;
;;0000;1001;0011;0010;0932;IMUL;;base reg;;byte;;;;;;;;;;;;;;
;;0000;1001;0011;0011;0933;IMUL;;base + displacement;;byte;;;;;;;;;;;;;;
;;0000;1001;0011;0100;0934;IMUL;;(Index*Scale)+Disp;;byte;;;;;;;;;;;;;;
;;;;;;;;;;;;;;;;;;;;;;;;;
F7 + Grp3 : 101;;0000;1001;0100;0000;0940;IMUL;;register;;word;;;;;;DX:AX = AX * r/m operand;;;;;;;;
;;0000;1001;0100;0001;0941;IMUL;;displacement;;word;;;;;;;;;;;;;;
;;0000;1001;0100;0010;0942;IMUL;;base reg;;word;;;;;;;;;;;;;;
;;0000;1001;0100;0011;0943;IMUL;;base + displacement;;word;;;;;;;;;;;;;;
;;0000;1001;0100;0100;0944;IMUL;;(Index*Scale)+Disp;;word;;;;;;;;;;;;;;
;;0000;1001;0100;1000;0948;IMUL;;register;;double word;;;;;;EDX:EAX = EAX * r/m dw operand;;;;;;;;
;;0000;1001;0100;1001;0949;IMUL;;displacement;;double word;;;;;;;;;;;;;;
;;0000;1001;0100;1010;094A;IMUL;;base reg;;double word;;;;;;;;;;;;;;
;;0000;1001;0100;1011;094B;IMUL;;base + displacement;;double word;;;;;;;;;;;;;;
;;0000;1001;0100;1100;094C;IMUL;;(Index*Scale)+Disp;;double word;;;;;;;;;;;;;;
;;;;;;;;;;;;;;;;;;;;;;;;;
F6 + Grp3: 100;;0000;1010;0000;0000;0A00;MUL;;register;;byte;;;;;;Unsigned Multiply : AX = AL* r/m byte ;;;;;;;;
;;0000;1010;0000;0001;0A01;MUL;;displacement;;byte;;;;;;;;;;;;;;
;;0000;1010;0000;0010;0A02;MUL;;base reg;;byte;;;;;;;;;;;;;;
;;0000;1010;0000;0011;0A03;MUL;;base + displacement;;byte;;;;;;;;;;;;;;
;;0000;1010;0000;0100;0A04;MUL;;(Index*Scale)+Disp;;byte;;;;;;;;;;;;;;
;;;;;;;;;;;;;;;;;;;;;;;;;
F7 + Grp3 : 100;;0000;1010;0001;0000;0A10;MUL;;register;;word;;;;;;Unsigned : DX:AX = AX* r/m word;;;;;;;;
;;0000;1010;0001;0001;0A11;MUL;;displacement;;word;;;;;;;;;;;;;;
;;0000;1010;0001;0010;0A12;MUL;;base reg;;word;;;;;;;;;;;;;;
;;0000;1010;0001;0011;0A13;MUL;;base + displacement;;word;;;;;;;;;;;;;;
;;0000;1010;0001;0100;0A14;MUL;;(Index*Scale)+Disp;;word;;;;;;;;;;;;;;
;;0000;1010;0001;1000;0A18;MUL;;register;;double word;;;;;;Unsigned: EDX:EAX = EAX* r/m dword;;;;;;;;
;;0000;1010;0001;1001;0A19;MUL;;displacement;;double word;;;;;;;;;;;;;;
;;0000;1010;0001;1010;0A1A;MUL;;base reg;;double word;;;;;;;;;;;;;;
;;0000;1010;0001;1011;0A1B;MUL;;base + displacement;;double word;;;;;;;;;;;;;;
;;0000;1010;0001;1100;0A1C;MUL;;(Index*Scale)+Disp;;double word;;;;;;;;;;;;;;
;;;;;;;;;;;;;;;;;;;;;;;;;
F6 + Grp3: 111;;0000;1011;0000;0000;0B00;IDIV;;register;;byte;;;;;;Signed Divide;;;;;;;;
;;0000;1011;0000;0001;0B01;IDIV;;displacement;;byte;;;;;;AX divided by provided operand;;;;;;;;
;;0000;1011;0000;0010;0B02;IDIV;;base reg;;byte;;;;;;Quotient in AL, Remainder in AH;;;;;;;;
;;0000;1011;0000;0011;0B03;IDIV;;base + displacement;;byte;;;;;;;;;;;;;;
;;0000;1011;0000;0100;0B04;IDIV;;(Index*Scale)+Disp;;byte;;;;;;See reference manual;;;;;;;;
;;;;;;;;;;;;;;;;;;;;;;;;;
F7 + Grp3 : 111;;0000;1011;0001;0000;0B10;IDIV;;register;;word;;;;;;DX:AX divided by word operand;;;;;;;;
;;0000;1011;0001;0001;0B11;IDIV;;displacement;;word;;;;;;Quotient in AX, Remainder in DX;;;;;;;;
;;0000;1011;0001;0010;0B12;IDIV;;base reg;;word;;;;;;;;;;;;;;
;;0000;1011;0001;0011;0B13;IDIV;;base + displacement;;word;;;;;;;;;;;;;;
;;0000;1011;0001;0100;0B14;IDIV;;(Index*Scale)+Disp;;word;;;;;;;;;;;;;;
;;0000;1011;0001;1000;0B18;IDIV;;register;;double word;;;;;;EDX:EAX divided by dword operand;;;;;;;;
;;0000;1011;0001;1001;0B19;IDIV;;displacement;;double word;;;;;;Quotient in EAX, Remainded in EDX;;;;;;;;
;;0000;1011;0001;1010;0B1A;IDIV;;base reg;;double word;;;;;;;;;;;;;;
;;0000;1011;0001;1011;0B1B;IDIV;;base + displacement;;double word;;;;;;;;;;;;;;
;;0000;1011;0001;1100;0B1C;IDIV;;(Index*Scale)+Disp;;double word;;;;;;;;;;;;;;
;;;;;;;;;;;;;;;;;;;;;;;;;
F6 + Grp3: 110;;0000;1100;0000;0000;0C00;DIV;;register;;byte;;;;;;Unsigned Divide;;;;;;;;
;;0000;1100;0000;0001;0C01;DIV;;displacement;;byte;;;;;;AX divided by byte operand;;;;;;;;
;;0000;1100;0000;0010;0C02;DIV;;base reg;;byte;;;;;;Quotient : AL, Remainder in AH;;;;;;;;
;;0000;1100;0000;0011;0C03;DIV;;base + displacement;;byte;;;;;;;;;;;;;;
;;0000;1100;0000;0100;0C04;DIV;;(Index*Scale)+Disp;;byte;;;;;;;;;;;;;;
;;;;;;;;;;;;;;;;;;;;;;;;;
F7 + Grp3 : 110;;0000;1100;0001;0000;0C10;DIV;;register;;word;;;;;;DX:AX divided by word operand;;;;;;;;
;;0000;1100;0001;0001;0C11;DIV;;displacement;;word;;;;;;Quotient in AX, Remainder in DX;;;;;;;;
;;0000;1100;0001;0010;0C12;DIV;;base reg;;word;;;;;;;;;;;;;;
;;0000;1100;0001;0011;0C13;DIV;;base + displacement;;word;;;;;;;;;;;;;;
;;0000;1100;0001;0100;0C14;DIV;;(Index*Scale)+Disp;;word;;;;;;;;;;;;;;
;;0000;1100;0001;1000;0C18;DIV;;register;;double word;;;;;;EDX:EAX divided by dword operand;;;;;;;;
;;0000;1100;0001;1001;0C19;DIV;;displacement;;double word;;;;;;Quotient in EAX, Remainded in EDX;;;;;;;;
;;0000;1100;0001;1010;0C1A;DIV;;base reg;;double word;;;;;;;;;;;;;;
;;0000;1100;0001;1011;0C1B;DIV;;base + displacement;;double word;;;;;;;;;;;;;;
;;0000;1100;0001;1100;0C1C;DIV;;(Index*Scale)+Disp;;double word;;;;;;;;;;;;;;
;;;;;;;;;;;;;;;;;;;;;;;;;
0010;0000;0000;1101;0000;0000;0D00;AND;;register;;byte;;general register;;;;;;;;;;;;
;;0000;1101;0000;0001;0D01;AND;;displacement;;byte;;general register;;;;;;;;;;;;
;;0000;1101;0000;0010;0D02;AND;;base reg;;byte;;general register;;;;;;;;;;;;
;;0000;1101;0000;0011;0D03;AND;;base + displacement;;byte;;general register;;;;;;;;;;;;
;;0000;1101;0000;0100;0D04;AND;;(Index*Scale)+Disp;;byte;;general register;;;;;;;;;;;;
;;;;;;;;;;;;;;;;;;;;;;;;;
0010;0001;0000;1101;0001;0000;0D10;AND;;register;;word;;general register;;;;;;;;;;;;
;;0000;1101;0001;0001;0D11;AND;;displacement;;word;;general register;;;;;;;;;;;;
;;0000;1101;0001;0010;0D12;AND;;base reg;;word;;general register;;;;;;;;;;;;
;;0000;1101;0001;0011;0D13;AND;;base + displacement;;word;;general register;;;;;;;;;;;;
;;0000;1101;0001;0100;0D14;AND;;(Index*Scale)+Disp;;word;;general register;;;;;;;;;;;;
;;0000;1101;0001;1000;0D18;AND;;register;;double word;;general register;;;;;;;;;;;;
;;0000;1101;0001;1001;0D19;AND;;displacement;;double word;;general register;;;;;;;;;;;;
;;0000;1101;0001;1010;0D1A;AND;;base reg;;double word;;general register;;;;;;;;;;;;
;;0000;1101;0001;1011;0D1B;AND;;base + displacement;;double word;;general register;;;;;;;;;;;;
;;0000;1101;0001;1100;0D1C;AND;;(Index*Scale)+Disp;;double word;;general register;;;;;;;;;;;;
;;;;;;;;;;;;;;;;;;;;;;;;;
0010;0010;0000;1101;0010;0000;0D20;AND;;general register;;;;register;;byte;;;;;;;;;;
;;0000;1101;0010;0001;0D21;AND;;general register;;;;displacement;;byte;;;;;;;;;;
;;0000;1101;0010;0010;0D22;AND;;general register;;;;base reg;;byte;;;;;;;;;;
;;0000;1101;0010;0011;0D23;AND;;general register;;;;base + displacement;;byte;;;;;;;;;;
;;0000;1101;0010;0100;0D24;AND;;general register;;;;(Index*Scale)+Disp;;byte;;;;;;;;;;
;;;;;;;;;;;;;;;;;;;;;;;;;
0010;0011;0000;1101;0011;0000;0D30;AND;;general register;;;;register;;word;;;;;;;;;;
;;0000;1101;0011;0001;0D31;AND;;general register;;;;displacement;;word;;;;;;;;;;
;;0000;1101;0011;0010;0D32;AND;;general register;;;;base reg;;word;;;;;;;;;;
;;0000;1101;0011;0011;0D33;AND;;general register;;;;base + displacement;;word;;;;;;;;;;
;;0000;1101;0011;0100;0D34;AND;;general register;;;;(Index*Scale)+Disp;;word;;;;;;;;;;
;;0000;1101;0011;1000;0D38;AND;;general register;;;;register;;double word;;;;;;;;;;
;;0000;1101;0011;1001;0D39;AND;;general register;;;;displacement;;double word;;;;;;;;;;
;;0000;1101;0011;1010;0D3A;AND;;general register;;;;base reg;;double word;;;;;;;;;;
;;0000;1101;0011;1011;0D3B;AND;;general register;;;;base + displacement;;double word;;;;;;;;;;
;;0000;1101;0011;1100;0D3C;AND;;general register;;;;(Index*Scale)+Disp;;double word;;;;;;;;;;
;;;;;;;;;;;;;;;;;;;;;;;;;
0010;0100;0000;1101;0100;0000;0D40;AND;;AL;;byte;;immediate;;byte;;;;;;;;;;
;;;;;;;;;;;;;;;;;;;;;;;;;
0010;0101;0000;1101;0101;0000;0D50;AND;;AX;;word;;immediate;;word;;;;;;;;;;
;;0000;1101;0101;0001;0D51;AND;;EAX;;double-word;;immediate;;double word;;;;;;;;;;
;;;;;;;;;;;;;;;;;;;;;;;;;
80 + Grp1 : 100;;0000;1101;0110;0000;0D60;AND;;register;;byte;;immediate;;byte;;;;;;;;;;
;;0000;1101;0110;0001;0D61;AND;;displacement;;byte;;immediate;;byte;;;;;;;;;;
;;0000;1101;0110;0010;0D62;AND;;base reg;;byte;;immediate;;byte;;;;;;;;;;
;;0000;1101;0110;0011;0D63;AND;;base + displacement;;byte;;immediate;;byte;;;;;;;;;;
;;0000;1101;0110;0100;0D64;AND;;(Index*Scale)+Disp;;byte;;immediate;;byte;;;;;;;;;;
;;;;;;;;;;;;;;;;;;;;;;;;;
81 + Grp1 : 100;;0000;1101;0111;0000;0D70;AND;;register;;word;;immediate;;word;;;;;;;;;;
;;0000;1101;0111;0001;0D71;AND;;displacement;;word;;immediate;;word;;;;;;;;;;
;;0000;1101;0111;0010;0D72;AND;;base reg;;word;;immediate;;word;;;;;;;;;;
;;0000;1101;0111;0011;0D73;AND;;base + displacement;;word;;immediate;;word;;;;;;;;;;
;;0000;1101;0111;0100;0D74;AND;;(Index*Scale)+Disp;;word;;immediate;;word;;;;;;;;;;
;;0000;1101;0111;1000;0D78;AND;;register;;double word;;immediate;;double word;;;;;;;;;;
;;0000;1101;0111;1001;0D79;AND;;displacement;;double word;;immediate;;double word;;;;;;;;;;
;;0000;1101;0111;1010;0D7A;AND;;base reg;;double word;;immediate;;double word;;;;;;;;;;
;;0000;1101;0111;1011;0D7B;AND;;base + displacement;;double word;;immediate;;double word;;;;;;;;;;
;;0000;1101;0111;1100;0D7C;AND;;(Index*Scale)+Disp;;double word;;immediate;;double word;;;;;;;;;;
;;;;;;;;;;;;;;;;;;;;;;;;;
83 + Grp1 : 100;;0000;1101;1000;0000;0D80;AND;;register;;word;;immediate;;byte;;And sign-extended immediate byte;;;;;;;;
;;0000;1101;1000;0001;0D81;AND;;displacement;;word;;immediate;;byte;;;;;;;;;;
;;0000;1101;1000;0010;0D82;AND;;base reg;;word;;immediate;;byte;;;;;;;;;;
;;0000;1101;1000;0011;0D83;AND;;base + displacement;;word;;immediate;;byte;;;;;;;;;;
;;0000;1101;1000;0100;0D84;AND;;(Index*Scale)+Disp;;word;;immediate;;byte;;;;;;;;;;
;;0000;1101;1000;1000;0D88;AND;;register;;double word;;immediate;;byte;;;;;;;;;;
;;0000;1101;1000;1001;0D89;AND;;displacement;;double word;;immediate;;byte;;;;;;;;;;
;;0000;1101;1000;1010;0D8A;AND;;base reg;;double word;;immediate;;byte;;;;;;;;;;
;;0000;1101;1000;1011;0D8B;AND;;base + displacement;;double word;;immediate;;byte;;;;;;;;;;
;;0000;1101;1000;1100;0D8C;AND;;(Index*Scale)+Disp;;double word;;immediate;;byte;;;;;;;;;;
;;;;;;;;;;;;;;;;;;;;;;;;;
0000;1000;0000;1110;0000;0000;0E00;OR;;register;;byte;;general register;;;;;;;;;;;;
;;0000;1110;0000;0001;0E01;OR;;displacement;;byte;;general register;;;;;;;;;;;;
;;0000;1110;0000;0010;0E02;OR;;base reg;;byte;;general register;;;;;;;;;;;;
;;0000;1110;0000;0011;0E03;OR;;base + displacement;;byte;;general register;;;;;;;;;;;;
;;0000;1110;0000;0100;0E04;OR;;(Index*Scale)+Disp;;byte;;general register;;;;;;;;;;;;
;;;;;;;;;;;;;;;;;;;;;;;;;
0000;1001;0000;1110;0001;0000;0E10;OR;;register;;word;;general register;;;;;;;;;;;;
;;0000;1110;0001;0001;0E11;OR;;displacement;;word;;general register;;;;;;;;;;;;
;;0000;1110;0001;0010;0E12;OR;;base reg;;word;;general register;;;;;;;;;;;;
;;0000;1110;0001;0011;0E13;OR;;base + displacement;;word;;general register;;;;;;;;;;;;
;;0000;1110;0001;0100;0E14;OR;;(Index*Scale)+Disp;;word;;general register;;;;;;;;;;;;
;;0000;1110;0001;1000;0E18;OR;;register;;double word;;general register;;;;;;;;;;;;
;;0000;1110;0001;1001;0E19;OR;;displacement;;double word;;general register;;;;;;;;;;;;
;;0000;1110;0001;1010;0E1A;OR;;base reg;;double word;;general register;;;;;;;;;;;;
;;0000;1110;0001;1011;0E1B;OR;;base + displacement;;double word;;general register;;;;;;;;;;;;
;;0000;1110;0001;1100;0E1C;OR;;(Index*Scale)+Disp;;double word;;general register;;;;;;;;;;;;
;;;;;;;;;;;;;;;;;;;;;;;;;
0000;1010;0000;1110;0010;0000;0E20;OR;;general register;;;;register;;byte;;;;;;;;;;
;;0000;1110;0010;0001;0E21;OR;;general register;;;;displacement;;byte;;;;;;;;;;
;;0000;1110;0010;0010;0E22;OR;;general register;;;;base reg;;byte;;;;;;;;;;
;;0000;1110;0010;0011;0E23;OR;;general register;;;;base + displacement;;byte;;;;;;;;;;
;;0000;1110;0010;0100;0E24;OR;;general register;;;;(Index*Scale)+Disp;;byte;;;;;;;;;;
;;;;;;;;;;;;;;;;;;;;;;;;;
0000;1011;0000;1110;0011;0000;0E30;OR;;general register;;;;register;;word;;;;;;;;;;
;;0000;1110;0011;0001;0E31;OR;;general register;;;;displacement;;word;;;;;;;;;;
;;0000;1110;0011;0010;0E32;OR;;general register;;;;base reg;;word;;;;;;;;;;
;;0000;1110;0011;0011;0E33;OR;;general register;;;;base + displacement;;word;;;;;;;;;;
;;0000;1110;0011;0100;0E34;OR;;general register;;;;(Index*Scale)+Disp;;word;;;;;;;;;;
;;0000;1110;0011;1000;0E38;OR;;general register;;;;register;;double word;;;;;;;;;;
;;0000;1110;0011;1001;0E39;OR;;general register;;;;displacement;;double word;;;;;;;;;;
;;0000;1110;0011;1010;0E3A;OR;;general register;;;;base reg;;double word;;;;;;;;;;
;;0000;1110;0011;1011;0E3B;OR;;general register;;;;base + displacement;;double word;;;;;;;;;;
;;0000;1110;0011;1100;0E3C;OR;;general register;;;;(Index*Scale)+Disp;;double word;;;;;;;;;;
;;;;;;;;;;;;;;;;;;;;;;;;;
0000;1100;0000;1110;0100;0000;0E40;OR;;AL;;byte;;immediate;;byte;;OR immediate with AL;;;;;;;;
;;;;;;;;;;;;;;;;;;;;;;;;;
0000;1101;0000;1110;0101;0000;0E50;OR;;AX;;word;;immediate;;word;;;;;;;;;;
;;0000;1110;0101;0001;0E51;OR;;EAX;;double-word;;immediate;;double word;;;;;;;;;;
;;;;;;;;;;;;;;;;;;;;;;;;;
80 + Grp1 :001;;0000;1110;0110;0000;0E60;OR;;register;;byte;;immediate;;byte;;OR immediate byte;;;;;;;;
;;0000;1110;0110;0001;0E61;OR;;displacement;;byte;;immediate;;byte;;;;;;;;;;
;;0000;1110;0110;0010;0E62;OR;;base reg;;byte;;immediate;;byte;;;;;;;;;;
;;0000;1110;0110;0011;0E63;OR;;base + displacement;;byte;;immediate;;byte;;;;;;;;;;
;;0000;1110;0110;0100;0E64;OR;;(Index*Scale)+Disp;;byte;;immediate;;byte;;;;;;;;;;
;;;;;;;;;;;;;;;;;;;;;;;;;
81 + Grp1 :001;;0000;1110;0111;0000;0E70;OR;;register;;word;;immediate;;word;;OR Immediate word or dword;;;;;;;;
;;0000;1110;0111;0001;0E71;OR;;displacement;;word;;immediate;;word;;;;;;;;;;
;;0000;1110;0111;0010;0E72;OR;;base reg;;word;;immediate;;word;;;;;;;;;;
;;0000;1110;0111;0011;0E73;OR;;base + displacement;;word;;immediate;;word;;;;;;;;;;
;;0000;1110;0111;0100;0E74;OR;;(Index*Scale)+Disp;;word;;immediate;;word;;;;;;;;;;
;;0000;1110;0111;1000;0E78;OR;;register;;double word;;immediate;;double word;;;;;;;;;;
;;0000;1110;0111;1001;0E79;OR;;displacement;;double word;;immediate;;double word;;;;;;;;;;
;;0000;1110;0111;1010;0E7A;OR;;base reg;;double word;;immediate;;double word;;;;;;;;;;
;;0000;1110;0111;1011;0E7B;OR;;base + displacement;;double word;;immediate;;double word;;;;;;;;;;
;;0000;1110;0111;1100;0E7C;OR;;(Index*Scale)+Disp;;double word;;immediate;;double word;;;;;;;;;;
;;;;;;;;;;;;;;;;;;;;;;;;;
83 + Grp1 :001;;0000;1110;1000;0000;0E80;OR;;register;;word;;immediate;;byte;;OR sign-extended immediate byte;;;;;;;;
;;0000;1110;1000;0001;0E81;OR;;displacement;;word;;immediate;;byte;;;;;;;;;;
;;0000;1110;1000;0010;0E82;OR;;base reg;;word;;immediate;;byte;;;;;;;;;;
;;0000;1110;1000;0011;0E83;OR;;base + displacement;;word;;immediate;;byte;;;;;;;;;;
;;0000;1110;1000;0100;0E84;OR;;(Index*Scale)+Disp;;word;;immediate;;byte;;;;;;;;;;
;;0000;1110;1000;1000;0E88;OR;;register;;double word;;immediate;;byte;;;;;;;;;;
;;0000;1110;1000;1001;0E89;OR;;displacement;;double word;;immediate;;byte;;;;;;;;;;
;;0000;1110;1000;1010;0E8A;OR;;base reg;;double word;;immediate;;byte;;;;;;;;;;
;;0000;1110;1000;1011;0E8B;OR;;base + displacement;;double word;;immediate;;byte;;;;;;;;;;
;;0000;1110;1000;1100;0E8C;OR;;(Index*Scale)+Disp;;double word;;immediate;;byte;;;;;;;;;;
;;;;;;;;;;;;;;;;;;;;;;;;;
0011;0000;0000;1111;0000;0000;0F00;XOR;;register;;byte;;general register;;;;;;;;;;;;
;;0000;1111;0000;0001;0F01;XOR;;displacement;;byte;;general register;;;;;;;;;;;;
;;0000;1111;0000;0010;0F02;XOR;;base reg;;byte;;general register;;;;;;;;;;;;
;;0000;1111;0000;0011;0F03;XOR;;base + displacement;;byte;;general register;;;;;;;;;;;;
;;0000;1111;0000;0100;0F04;XOR;;(Index*Scale)+Disp;;byte;;general register;;;;;;;;;;;;
;;;;;;;;;;;;;;;;;;;;;;;;;
0011;0001;0000;1111;0001;0000;0F10;XOR;;register;;word;;general register;;;;;;;;;;;;
;;0000;1111;0001;0001;0F11;XOR;;displacement;;word;;general register;;;;;;;;;;;;
;;0000;1111;0001;0010;0F12;XOR;;base reg;;word;;general register;;;;;;;;;;;;
;;0000;1111;0001;0011;0F13;XOR;;base + displacement;;word;;general register;;;;;;;;;;;;
;;0000;1111;0001;0100;0F14;XOR;;(Index*Scale)+Disp;;word;;general register;;;;;;;;;;;;
;;0000;1111;0001;1000;0F18;XOR;;register;;double word;;general register;;;;;;;;;;;;
;;0000;1111;0001;1001;0F19;XOR;;displacement;;double word;;general register;;;;;;;;;;;;
;;0000;1111;0001;1010;0F1A;XOR;;base reg;;double word;;general register;;;;;;;;;;;;
;;0000;1111;0001;1011;0F1B;XOR;;base + displacement;;double word;;general register;;;;;;;;;;;;
;;0000;1111;0001;1100;0F1C;XOR;;(Index*Scale)+Disp;;double word;;general register;;;;;;;;;;;;
;;;;;;;;;;;;;;;;;;;;;;;;;
0011;0010;0000;1111;0010;0000;0F20;XOR;;general register;;;;register;;byte;;;;;;;;;;
;;0000;1111;0010;0001;0F21;XOR;;general register;;;;displacement;;byte;;;;;;;;;;
;;0000;1111;0010;0010;0F22;XOR;;general register;;;;base reg;;byte;;;;;;;;;;
;;0000;1111;0010;0011;0F23;XOR;;general register;;;;base + displacement;;byte;;;;;;;;;;
;;0000;1111;0010;0100;0F24;XOR;;general register;;;;(Index*Scale)+Disp;;byte;;;;;;;;;;
;;;;;;;;;;;;;;;;;;;;;;;;;
0011;0011;0000;1111;0011;0000;0F30;XOR;;general register;;;;register;;word;;;;;;;;;;
;;0000;1111;0011;0001;0F31;XOR;;general register;;;;displacement;;word;;;;;;;;;;
;;0000;1111;0011;0010;0F32;XOR;;general register;;;;base reg;;word;;;;;;;;;;
;;0000;1111;0011;0011;0F33;XOR;;general register;;;;base + displacement;;word;;;;;;;;;;
;;0000;1111;0011;0100;0F34;XOR;;general register;;;;(Index*Scale)+Disp;;word;;;;;;;;;;
;;0000;1111;0011;1000;0F38;XOR;;general register;;;;register;;double word;;;;;;;;;;
;;0000;1111;0011;1001;0F39;XOR;;general register;;;;displacement;;double word;;;;;;;;;;
;;0000;1111;0011;1010;0F3A;XOR;;general register;;;;base reg;;double word;;;;;;;;;;
;;0000;1111;0011;1011;0F3B;XOR;;general register;;;;base + displacement;;double word;;;;;;;;;;
;;0000;1111;0011;1100;0F3C;XOR;;general register;;;;(Index*Scale)+Disp;;double word;;;;;;;;;;
;;;;;;;;;;;;;;;;;;;;;;;;;
0011;0100;0000;1111;0100;0000;0F40;XOR;;AL;;byte;;immediate;;byte;;;;;;;;;;
;;;;;;;;;;;;;;;;;;;;;;;;;
0011;0101;0000;1111;0101;0000;0F50;XOR;;AX;;word;;immediate;;word;;;;;;;;;;
;;0000;1111;0101;0001;0F51;XOR;;EAX;;double-word;;immediate;;double word;;;;;;;;;;
;;;;;;;;;;;;;;;;;;;;;;;;;
80 + Grp1 : 110;;0000;1111;0110;0000;0F60;XOR;;register;;byte;;immediate;;byte;;;;;;;;;;
;;0000;1111;0110;0001;0F61;XOR;;displacement;;byte;;immediate;;byte;;;;;;;;;;
;;0000;1111;0110;0010;0F62;XOR;;base reg;;byte;;immediate;;byte;;;;;;;;;;
;;0000;1111;0110;0011;0F63;XOR;;base + displacement;;byte;;immediate;;byte;;;;;;;;;;
;;0000;1111;0110;0100;0F64;XOR;;(Index*Scale)+Disp;;byte;;immediate;;byte;;;;;;;;;;
;;;;;;;;;;;;;;;;;;;;;;;;;
81 + Grp1 : 110;;0000;1111;0111;0000;0F70;XOR;;register;;word;;immediate;;word;;;;;;;;;;
;;0000;1111;0111;0001;0F71;XOR;;displacement;;word;;immediate;;word;;;;;;;;;;
;;0000;1111;0111;0010;0F72;XOR;;base reg;;word;;immediate;;word;;;;;;;;;;
;;0000;1111;0111;0011;0F73;XOR;;base + displacement;;word;;immediate;;word;;;;;;;;;;
;;0000;1111;0111;0100;0F74;XOR;;(Index*Scale)+Disp;;word;;immediate;;word;;;;;;;;;;
;;0000;1111;0111;1000;0F78;XOR;;register;;double word;;immediate;;double word;;;;;;;;;;
;;0000;1111;0111;1001;0F79;XOR;;displacement;;double word;;immediate;;double word;;;;;;;;;;
;;0000;1111;0111;1010;0F7A;XOR;;base reg;;double word;;immediate;;double word;;;;;;;;;;
;;0000;1111;0111;1011;0F7B;XOR;;base + displacement;;double word;;immediate;;double word;;;;;;;;;;
;;0000;1111;0111;1100;0F7C;XOR;;(Index*Scale)+Disp;;double word;;immediate;;double word;;;;;;;;;;
;;;;;;;;;;;;;;;;;;;;;;;;;
83 + Grp1 : 110;;0000;1111;1000;0000;0F80;XOR;;register;;word;;immediate;;byte;;XOR sign-extended immediate byte;;;;;;;;
;;0000;1111;1000;0001;0F81;XOR;;displacement;;word;;immediate;;byte;;;;;;;;;;
;;0000;1111;1000;0010;0F82;XOR;;base reg;;word;;immediate;;byte;;;;;;;;;;
;;0000;1111;1000;0011;0F83;XOR;;base + displacement;;word;;immediate;;byte;;;;;;;;;;
;;0000;1111;1000;0100;0F84;XOR;;(Index*Scale)+Disp;;word;;immediate;;byte;;;;;;;;;;
;;0000;1111;1000;1000;0F88;XOR;;register;;double word;;immediate;;byte;;;;;;;;;;
;;0000;1111;1000;1001;0F89;XOR;;displacement;;double word;;immediate;;byte;;;;;;;;;;
;;0000;1111;1000;1010;0F8A;XOR;;base reg;;double word;;immediate;;byte;;;;;;;;;;
;;0000;1111;1000;1011;0F8B;XOR;;base + displacement;;double word;;immediate;;byte;;;;;;;;;;
;;0000;1111;1000;1100;0F8C;XOR;;(Index*Scale)+Disp;;double word;;immediate;;byte;;;;;;;;;;
;;;;;;;;;;;;;;;;;;;;;;;;;
F6 + Grp3 : 010;;0001;0000;0000;0000;1000;NOT;;register;;byte;;immediate;;byte;;;;;;;;;;
;;0001;0000;0000;0001;1001;NOT;;displacement;;byte;;immediate;;byte;;;;;;;;;;
;;0001;0000;0000;0010;1002;NOT;;base reg;;byte;;immediate;;byte;;;;;;;;;;
;;0001;0000;0000;0011;1003;NOT;;base + displacement;;byte;;immediate;;byte;;;;;;;;;;
;;0001;0000;0000;0100;1004;NOT;;(Index*Scale)+Disp;;byte;;immediate;;byte;;;;;;;;;;
;;;;;;;;;;;;;;;;;;;;;;;;;
F7 + Grp3 : 010;;0001;0000;0001;0000;1010;NOT;;register;;word;;immediate;;word;;;;;;;;;;
;;0001;0000;0001;0001;1011;NOT;;displacement;;word;;immediate;;word;;;;;;;;;;
;;0001;0000;0001;0010;1012;NOT;;base reg;;word;;immediate;;word;;;;;;;;;;
;;0001;0000;0001;0011;1013;NOT;;base + displacement;;word;;immediate;;word;;;;;;;;;;
;;0001;0000;0001;0100;1014;NOT;;(Index*Scale)+Disp;;word;;immediate;;word;;;;;;;;;;
;;0001;0000;0001;1000;1018;NOT;;register;;double word;;immediate;;double word;;;;;;;;;;
;;0001;0000;0001;1001;1019;NOT;;displacement;;double word;;immediate;;double word;;;;;;;;;;
;;0001;0000;0001;1010;101A;NOT;;base reg;;double word;;immediate;;double word;;;;;;;;;;
;;0001;0000;0001;1011;101B;NOT;;base + displacement;;double word;;immediate;;double word;;;;;;;;;;
;;0001;0000;0001;1100;101C;NOT;;(Index*Scale)+Disp;;double word;;immediate;;double word;;;;;;;;;;
;;;;;;;;;;;;;;;;;;;;;;;;;
F6 + Grp3 : 011;;0001;0001;0000;0000;1100;NEG;;register;;byte;;immediate;;byte;;Negate, two's complement of operand;;;;;;;;
;;0001;0001;0000;0001;1101;NEG;;displacement;;byte;;immediate;;byte;;;;;;;;;;
;;0001;0001;0000;0010;1102;NEG;;base reg;;byte;;immediate;;byte;;;;;;;;;;
;;0001;0001;0000;0011;1103;NEG;;base + displacement;;byte;;immediate;;byte;;;;;;;;;;
;;0001;0001;0000;0100;1104;NEG;;(Index*Scale)+Disp;;byte;;immediate;;byte;;;;;;;;;;
;;;;;;;;;;;;;;;;;;;;;;;;;
F7 + Grp3 : 011;;0001;0001;0001;0000;1110;NEG;;register;;word;;immediate;;word;;;;;;;;;;
;;0001;0001;0001;0001;1111;NEG;;displacement;;word;;immediate;;word;;;;;;;;;;
;;0001;0001;0001;0010;1112;NEG;;base reg;;word;;immediate;;word;;;;;;;;;;
;;0001;0001;0001;0011;1113;NEG;;base + displacement;;word;;immediate;;word;;;;;;;;;;
;;0001;0001;0001;0100;1114;NEG;;(Index*Scale)+Disp;;word;;immediate;;word;;;;;;;;;;
;;0001;0001;0001;1000;1118;NEG;;register;;double word;;immediate;;double word;;;;;;;;;;
;;0001;0001;0001;1001;1119;NEG;;displacement;;double word;;immediate;;double word;;;;;;;;;;
;;0001;0001;0001;1010;111A;NEG;;base reg;;double word;;immediate;;double word;;;;;;;;;;
;;0001;0001;0001;1011;111B;NEG;;base + displacement;;double word;;immediate;;double word;;;;;;;;;;
;;0001;0001;0001;1100;111C;NEG;;(Index*Scale)+Disp;;double word;;immediate;;double word;;;;;;;;;;
